gene,condition,significance,direction,P_ref,P_cond,group
CENPK1137D_438,HiT,TRUE,1,NaN,NaN,5
CENPK1137D_1386,HiT,TRUE,1,NaN,NaN,3
CENPK1137D_4545,HiT,TRUE,1,NaN,NaN,1
CENPK1137D_4476,HiT,TRUE,1,NaN,NaN,3
CENPK1137D_870,HiT,TRUE,-1,NaN,NaN,3
CENPK1137D_521,HiT,TRUE,1,NaN,NaN,1
CENPK1137D_1525,HiT,TRUE,1,NaN,NaN,2
CENPK1137D_2770,HiT,TRUE,1,NaN,NaN,2
CENPK1137D_1940,HiT,TRUE,1,NaN,NaN,2
CENPK1137D_3026,HiT,TRUE,1,NaN,NaN,3
CENPK1137D_4620,HiT,TRUE,1,NaN,NaN,4
CENPK1137D_4072,HiT,TRUE,-1,NaN,NaN,1
CENPK1137D_4563,HiT,TRUE,1,NaN,NaN,1
CENPK1137D_2119,HiT,TRUE,1,NaN,NaN,1
CENPK1137D_4859,HiT,TRUE,-1,NaN,NaN,5
CENPK1137D_591,HiT,TRUE,1,NaN,NaN,3
CENPK1137D_3192,HiT,TRUE,1,NaN,NaN,2
CENPK1137D_2486,HiT,TRUE,1,NaN,NaN,4
CENPK1137D_2196,HiT,TRUE,1,NaN,NaN,2
CENPK1137D_1113,HiT,TRUE,1,NaN,NaN,1
CENPK1137D_3406,HiT,TRUE,1,NaN,NaN,3
CENPK1137D_239,HiT,TRUE,-1,0.107640381695833,0.0759699023583333,1
CENPK1137D_20,HiT,TRUE,-1,0.739616288666667,0.582830549375,2
CENPK1137D_225,HiT,TRUE,-1,0.0996417040041667,0.0567354665458333,1
CENPK1137D_2971,HiT,TRUE,-1,0.139489458666667,0.0624936611458333,1
CENPK1137D_1410,HiT,TRUE,1,NaN,NaN,2
CENPK1137D_1744,HiT,TRUE,-1,NaN,NaN,4
CENPK1137D_1885,HiT,TRUE,-1,NaN,NaN,1
CENPK1137D_1527,HiT,TRUE,-1,NaN,NaN,2
CENPK1137D_4614,HiT,TRUE,1,NaN,NaN,3
CENPK1137D_3503,HiT,TRUE,-1,0.981752144541667,0.778669832833333,2
CENPK1137D_3292,HiT,TRUE,1,NaN,NaN,4
CENPK1137D_1642,HiT,TRUE,-1,NaN,NaN,2
CENPK1137D_5334,HiT,TRUE,-1,0.636062651875,0.5126073645,2
CENPK1137D_5119,HiT,TRUE,-1,NaN,NaN,5
CENPK1137D_3027,HiT,TRUE,-1,NaN,NaN,1
CENPK1137D_2605,HiT,TRUE,1,NaN,NaN,3
CENPK1137D_5408,HiT,TRUE,1,NaN,NaN,3
CENPK1137D_2393,HiT,TRUE,1,NaN,NaN,2
CENPK1137D_5214,HiT,TRUE,-1,NaN,NaN,2
CENPK1137D_2568,HiT,TRUE,-1,0.172950942875,0.0950788070375,1
CENPK1137D_3402,HiT,TRUE,-1,NaN,NaN,5
CENPK1137D_91,HiT,TRUE,-1,0.284662760083333,0.205566316,2
CENPK1137D_2456,HiT,TRUE,-1,0.238008190041667,0.198849381166667,2
CENPK1137D_3861,HiT,TRUE,1,NaN,NaN,5
CENPK1137D_723,HiT,TRUE,-1,0.950581215083333,0.703286002458333,2
CENPK1137D_2567,HiT,TRUE,-1,0.112688707704167,0.0648189987541667,1
CENPK1137D_3615,HiT,TRUE,-1,NaN,NaN,1
CENPK1137D_1024,HiT,TRUE,1,NaN,NaN,4
CENPK1137D_1111,HiT,TRUE,1,NaN,NaN,2
CENPK1137D_3141,HiT,TRUE,-1,0.37610615725,0.184947083,1
CENPK1137D_3444,HiT,TRUE,-1,0.566845452791667,0.428653264208333,1
CENPK1137D_3491,HiT,TRUE,-1,0.221211547708333,0.195379344791667,1
CENPK1137D_4349,HiT,TRUE,1,NaN,NaN,1
CENPK1137D_4096,HiT,TRUE,1,NaN,NaN,2
CENPK1137D_5314,HiT,TRUE,-1,0.301313633208333,0.292454478625,1
CENPK1137D_3054,HiT,TRUE,-1,NaN,NaN,2
CENPK1137D_1214,HiT,TRUE,-1,0.304351805083333,0.266280777125,1
CENPK1137D_5399,HiT,TRUE,-1,0.157822975,0.0690326007916667,1
CENPK1137D_3477,HiT,TRUE,-1,0.379867271,0.289282516791667,1
CENPK1137D_2050,HiT,TRUE,1,NaN,NaN,3
CENPK1137D_467,HiT,TRUE,1,NaN,NaN,2
CENPK1137D_5024,HiT,TRUE,1,NaN,NaN,3
CENPK1137D_1,HiT,TRUE,-1,0.18680901275,0.127968954470833,1
CENPK1137D_3371,HiT,TRUE,1,NaN,NaN,2
CENPK1137D_2345,HiT,TRUE,1,NaN,NaN,2
CENPK1137D_2993,HiT,TRUE,1,NaN,NaN,3
CENPK1137D_1043,HiT,TRUE,1,NaN,NaN,2
CENPK1137D_203,HiT,TRUE,-1,NaN,NaN,5
CENPK1137D_724,HiT,TRUE,-1,1.29777666541667,1.04691739341667,2
CENPK1137D_5239,HiT,TRUE,-1,NaN,NaN,2
CENPK1137D_132,HiT,TRUE,1,NaN,NaN,3
CENPK1137D_2104,HiT,TRUE,-1,0.38925116225,0.308272606083333,2
CENPK1137D_2149,HiT,TRUE,-1,NaN,NaN,2
CENPK1137D_44,HiT,TRUE,-1,0.0353786336291667,0.0279207337208333,1
CENPK1137D_384,HiT,TRUE,-1,0.291648368125,0.183338748583333,1
CENPK1137D_484,HiT,TRUE,1,NaN,NaN,4
CENPK1137D_1524,HiT,TRUE,-1,NaN,NaN,3
CENPK1137D_2760,HiT,TRUE,-1,NaN,NaN,1
CENPK1137D_840,HiT,TRUE,1,NaN,NaN,3
CENPK1137D_2139,HiT,TRUE,-1,0.327590355458333,0.284795717916667,1
CENPK1137D_2729,HiT,TRUE,-1,0.422109531291667,0.359793607875,1
CENPK1137D_2182,HiT,TRUE,1,NaN,NaN,2
CENPK1137D_2939,HiT,TRUE,1,NaN,NaN,3
CENPK1137D_3142,HiT,TRUE,-1,NaN,NaN,3
CENPK1137D_444,HiT,TRUE,-1,0.783828345125,0.648398701958333,1
CENPK1137D_2084,HiT,TRUE,1,NaN,NaN,1
CENPK1137D_3004,HiT,TRUE,1,NaN,NaN,4
CENPK1137D_2752,HiT,TRUE,1,NaN,NaN,2
CENPK1137D_1128,HiT,TRUE,-1,0.473428342291667,0.393788653,2
CENPK1137D_5445,HiT,TRUE,1,NaN,NaN,2
CENPK1137D_4516,HiT,TRUE,-1,NaN,NaN,4
CENPK1137D_3445,HiT,TRUE,-1,NaN,NaN,1
CENPK1137D_4496,HiT,TRUE,1,NaN,NaN,2
CENPK1137D_4208,HiT,TRUE,-1,0.495872425875,0.404580562375,2
CENPK1137D_624,HiT,TRUE,-1,0.536566914666667,0.408155172791667,2
CENPK1137D_3746,HiT,TRUE,-1,NaN,NaN,1
CENPK1137D_5137,HiT,TRUE,-1,NaN,NaN,2
CENPK1137D_4651,HiT,TRUE,-1,0.313184421458333,0.251482347666667,2
CENPK1137D_2744,HiT,TRUE,1,NaN,NaN,1
CENPK1137D_4331,HiT,TRUE,-1,0.910227115,0.810429003291667,2
CENPK1137D_547,HiT,TRUE,-1,1.20829738066667,1.37691969666667,1
CENPK1137D_3250,HiT,TRUE,-1,NaN,NaN,4
CENPK1137D_5049,HiT,TRUE,-1,NaN,NaN,4
CENPK1137D_1264,HiT,TRUE,1,NaN,NaN,4
CENPK1137D_4617,HiT,TRUE,-1,1.79319628416667,1.70808838208333,2
CENPK1137D_2231,HiT,TRUE,1,NaN,NaN,5
CENPK1137D_3605,HiT,TRUE,-1,NaN,NaN,5
CENPK1137D_5287,HiT,TRUE,-1,NaN,NaN,4
CENPK1137D_4507,HiT,TRUE,1,0.1563543995,0.291741698541667,2
CENPK1137D_4363,HiT,TRUE,-1,NaN,NaN,2
CENPK1137D_3446,HiT,TRUE,1,NaN,NaN,4
CENPK1137D_3859,HiT,TRUE,1,NaN,NaN,2
CENPK1137D_1667,HiT,TRUE,1,NaN,NaN,4
CENPK1137D_888,HiT,TRUE,1,NaN,NaN,3
CENPK1137D_3897,HiT,TRUE,-1,NaN,NaN,4
CENPK1137D_4211,HiT,TRUE,-1,0.624102987708333,0.521242527041667,1
CENPK1137D_5041,HiT,TRUE,-1,NaN,NaN,1
CENPK1137D_933,HiT,TRUE,1,NaN,NaN,2
CENPK1137D_2636,HiT,TRUE,1,NaN,NaN,2
CENPK1137D_429,HiT,TRUE,-1,NaN,NaN,1
CENPK1137D_5107,HiT,TRUE,-1,NaN,NaN,4
CENPK1137D_2934,HiT,TRUE,-1,NaN,NaN,5
CENPK1137D_2583,HiT,TRUE,1,NaN,NaN,3
CENPK1137D_3694,HiT,TRUE,-1,0.229748844958333,0.187940146379167,2
CENPK1137D_2857,HiT,TRUE,1,NaN,NaN,3
CENPK1137D_3045,HiT,TRUE,-1,NaN,NaN,5
CENPK1137D_40,HiT,TRUE,-1,0.0973437596958333,0.0441514341916667,2
CENPK1137D_2827,HiT,TRUE,-1,0.657460536458333,0.520637445333333,1
CENPK1137D_1406,HiT,TRUE,-1,1.20770253133333,0.911754028208333,1
CENPK1137D_1824,HiT,TRUE,-1,NaN,NaN,1
CENPK1137D_684,HiT,TRUE,-1,NaN,NaN,5
CENPK1137D_1395,HiT,TRUE,-1,1.11214873266667,1.00393548958333,1
CENPK1137D_5414,HiT,TRUE,-1,0.552932942083333,0.553744659791667,1
CENPK1137D_5241,HiT,TRUE,1,NaN,NaN,2
CENPK1137D_4855,HiT,TRUE,1,NaN,NaN,1
CENPK1137D_3496,HiT,TRUE,1,NaN,NaN,5
CENPK1137D_4777,HiT,TRUE,-1,0.79797436275,0.765449683833333,1
CENPK1137D_3046,HiT,TRUE,1,NaN,NaN,5
CENPK1137D_5448,LpH,TRUE,1,NaN,NaN,5
CENPK1137D_4924,LpH,TRUE,-1,NaN,NaN,1
CENPK1137D_2612,LpH,TRUE,-1,0.710587758625,0.549588947208333,1
CENPK1137D_2941,LpH,TRUE,-1,1.0635154805,0.707254913916667,1
CENPK1137D_451,LpH,TRUE,-1,0.855474594666667,0.800602459541667,1
CENPK1137D_1066,LpH,TRUE,-1,2.03717720208333,2.14698722416667,1
CENPK1137D_2698,LpH,TRUE,-1,0.0463637921791667,0.0782287430708333,2
CENPK1137D_2442,LpH,TRUE,1,0.64922655325,0.613335559916667,2
CENPK1137D_4455,LpH,TRUE,1,NaN,NaN,2
CENPK1137D_1906,LpH,TRUE,-1,0.272440844916667,0.241117052125,1
CENPK1137D_704,LpH,TRUE,-1,NaN,NaN,1
CENPK1137D_3984,LpH,TRUE,1,NaN,NaN,2
CENPK1137D_2583,LpH,TRUE,1,NaN,NaN,3
CENPK1137D_640,LpH,TRUE,-1,1.25012067570833,1.06761879616667,1
CENPK1137D_3482,LpH,TRUE,-1,1.31095993133333,1.059980153,1
CENPK1137D_809,LpH,TRUE,1,NaN,NaN,1
CENPK1137D_4131,LpH,TRUE,-1,0.384828858958333,0.348469602583333,2
CENPK1137D_2780,LpH,TRUE,-1,NaN,NaN,1
CENPK1137D_3813,LpH,TRUE,1,NaN,NaN,2
CENPK1137D_296,LpH,TRUE,-1,0.236880507583333,0.31494469275,2
CENPK1137D_2947,LpH,TRUE,1,NaN,NaN,3
CENPK1137D_1862,LpH,TRUE,-1,NaN,NaN,1
CENPK1137D_2114,LpH,TRUE,-1,1.35599955041667,1.30352642708333,1
CENPK1137D_794,LpH,TRUE,-1,NaN,NaN,2
CENPK1137D_3666,LpH,TRUE,-1,0.373154729333333,0.325569099958333,1
CENPK1137D_75,LpH,TRUE,1,NaN,NaN,1
CENPK1137D_3135,LpH,TRUE,1,NaN,NaN,5
CENPK1137D_759,LpH,TRUE,1,NaN,NaN,3
CENPK1137D_2827,LpH,TRUE,-1,0.657460536458333,0.511079230083333,1
CENPK1137D_2503,LpH,TRUE,-1,0.980067118375,1.07432094733333,1
CENPK1137D_1432,LpH,TRUE,-1,0.334306016291667,0.298033889416667,1
CENPK1137D_3,LpH,TRUE,-1,1.08117549045833,0.958702387583333,1
CENPK1137D_2384,LpH,TRUE,-1,1.17427202279167,1.01914936958333,1
CENPK1137D_2927,LpH,TRUE,1,NaN,NaN,1
CENPK1137D_2107,LpH,TRUE,1,0.132256506241667,0.129545826745833,1
CENPK1137D_33,LpH,TRUE,1,NaN,NaN,5
CENPK1137D_435,LpH,TRUE,-1,NaN,NaN,1
CENPK1137D_374,LpH,TRUE,-1,0.233800519541667,0.219601995416667,3
CENPK1137D_4372,LpH,TRUE,1,0.06011853895,0.0798187229833333,2
CENPK1137D_583,LpH,TRUE,1,NaN,NaN,2
CENPK1137D_3764,LpH,TRUE,-1,0.71918525825,0.634043124291667,3
CENPK1137D_2665,LpH,TRUE,-1,0.164605877875,0.161088391041667,2
CENPK1137D_3826,LpH,TRUE,-1,0.38483046775,0.435287818458333,1
CENPK1137D_4272,LpH,TRUE,-1,NaN,NaN,5
CENPK1137D_5343,LpH,TRUE,1,NaN,NaN,2
CENPK1137D_3574,LpH,TRUE,1,NaN,NaN,1
CENPK1137D_1184,LpH,TRUE,1,0.185484924583333,0.148706757716667,2
CENPK1137D_637,LpH,TRUE,-1,0.611245704083333,0.746551193,2
CENPK1137D_4526,LpH,TRUE,-1,1.15319938316667,1.152403277375,1
CENPK1137D_3744,LpH,TRUE,-1,NaN,NaN,1
CENPK1137D_999,LpH,TRUE,-1,NaN,NaN,2
CENPK1137D_579,LpH,TRUE,1,0.130458009125,0.163730235575,1
CENPK1137D_3249,LpH,TRUE,-1,0.303232794583333,0.313364151166667,2
CENPK1137D_1197,LpH,TRUE,1,NaN,NaN,1
CENPK1137D_1855,LpH,TRUE,-1,NaN,NaN,2
CENPK1137D_708,LpH,TRUE,1,0.0325345084083333,0.0292767041208333,1
CENPK1137D_4530,LpH,TRUE,-1,NaN,NaN,2
CENPK1137D_4789,LpH,TRUE,1,NaN,NaN,3
CENPK1137D_4577,LpH,TRUE,-1,0.946263266666667,0.732593450916667,1
CENPK1137D_4276,LpH,TRUE,-1,NaN,NaN,1
CENPK1137D_551,LpH,TRUE,-1,NaN,NaN,1
CENPK1137D_4871,LpH,TRUE,1,0.0323031652208333,0.0340366402125,2
CENPK1137D_927,LpH,TRUE,-1,NaN,NaN,2
CENPK1137D_3336,LpH,TRUE,-1,0.493190497,0.489367649416667,1
CENPK1137D_675,LpH,TRUE,-1,0.223605998666667,0.223597873375,3
CENPK1137D_2899,LpH,TRUE,-1,0.871000457291667,0.725888728875,1
CENPK1137D_4341,LpH,TRUE,1,NaN,NaN,3
CENPK1137D_4256,LpH,TRUE,-1,NaN,NaN,2
CENPK1137D_217,LpH,TRUE,1,NaN,NaN,1
CENPK1137D_1824,LpH,TRUE,-1,NaN,NaN,1
CENPK1137D_3742,LpH,TRUE,-1,0.313500876875,0.2770399315,1
CENPK1137D_5206,LpH,TRUE,-1,0.343590576041667,0.345329978208333,2
CENPK1137D_1534,LpH,TRUE,1,NaN,NaN,4
CENPK1137D_4109,LpH,TRUE,-1,NaN,NaN,3
CENPK1137D_4294,LpH,TRUE,1,NaN,NaN,2
CENPK1137D_886,LpH,TRUE,-1,0.242612660125,0.4058873235,1
CENPK1137D_4969,LpH,TRUE,1,NaN,NaN,2
CENPK1137D_3869,LpH,TRUE,-1,1.09504727,1.09355620370833,1
CENPK1137D_5449,LpH,TRUE,-1,0.819330573291667,0.789293421958333,1
CENPK1137D_3175,LpH,TRUE,-1,0.303336859333333,0.310508167833333,1
CENPK1137D_4189,LpH,TRUE,1,0.26974388075,0.175702775666667,1
CENPK1137D_461,LpH,TRUE,-1,0.871293942375,0.881889218041667,1
CENPK1137D_950,LpH,TRUE,-1,0.328644685708333,0.394499920083333,1
CENPK1137D_4777,LpH,TRUE,-1,0.79797436275,0.862079810958333,1
CENPK1137D_2199,LpH,TRUE,1,NaN,NaN,1
CENPK1137D_5414,LpH,TRUE,-1,0.552932942083333,0.579933467958333,1
CENPK1137D_2898,LpH,TRUE,-1,NaN,NaN,1
CENPK1137D_1914,LpH,TRUE,-1,0.129801551954167,0.129724713641667,1
CENPK1137D_1277,LpH,TRUE,-1,NaN,NaN,3
CENPK1137D_3182,LpH,TRUE,1,NaN,NaN,2
CENPK1137D_2532,LpH,TRUE,1,NaN,NaN,1
CENPK1137D_4643,LpH,TRUE,-1,NaN,NaN,1
CENPK1137D_4459,LpH,TRUE,-1,NaN,NaN,2
CENPK1137D_426,LpH,TRUE,-1,NaN,NaN,1
CENPK1137D_3639,LpH,TRUE,-1,NaN,NaN,3
CENPK1137D_3752,LpH,TRUE,-1,1.16144020654167,1.01940356433333,1
CENPK1137D_4426,LpH,TRUE,-1,NaN,NaN,3
CENPK1137D_356,LpH,TRUE,1,0.15406994425,0.1509619227125,2
CENPK1137D_631,LpH,TRUE,1,NaN,NaN,5
CENPK1137D_4518,LpH,TRUE,-1,NaN,NaN,1
CENPK1137D_4211,LpH,TRUE,-1,0.624102987708333,0.554027580958333,1
CENPK1137D_5041,LpH,TRUE,-1,NaN,NaN,1
CENPK1137D_3530,LpH,TRUE,-1,NaN,NaN,1
CENPK1137D_2346,LpH,TRUE,1,NaN,NaN,2
CENPK1137D_1438,LpH,TRUE,-1,NaN,NaN,1
CENPK1137D_28,LpH,TRUE,-1,0.1377595490875,0.173942187291667,1
CENPK1137D_4651,LpH,TRUE,-1,0.313184421458333,0.316769806875,2
CENPK1137D_437,LpH,TRUE,1,NaN,NaN,3
CENPK1137D_2424,LpH,TRUE,1,NaN,NaN,1
CENPK1137D_337,LpH,TRUE,-1,NaN,NaN,1
CENPK1137D_4560,LpH,TRUE,1,NaN,NaN,4
CENPK1137D_3101,LpH,TRUE,1,NaN,NaN,3
CENPK1137D_5289,LpH,TRUE,-1,0.333915844625,0.291804790958333,1
CENPK1137D_1904,LpH,TRUE,-1,NaN,NaN,2
CENPK1137D_3140,LpH,TRUE,1,0.1368687400625,0.136153908795833,2
CENPK1137D_1406,LpH,TRUE,-1,1.20770253133333,0.80182806375,1
CENPK1137D_2492,LpH,TRUE,1,NaN,NaN,3
CENPK1137D_3343,LpH,TRUE,-1,1.11863032225,1.01647430795833,1
CENPK1137D_1419,LpH,TRUE,-1,0.914836155708333,0.862242792458333,1
CENPK1137D_99,LpH,TRUE,1,NaN,NaN,3
CENPK1137D_174,LpH,TRUE,-1,0.906473807125,0.787609349041667,1
CENPK1137D_3883,LpH,TRUE,-1,0.793302804666667,0.767304489875,1
CENPK1137D_2251,LpH,TRUE,-1,0.703762949541667,0.597545705875,1
CENPK1137D_5006,LpH,TRUE,-1,0.321551063,0.310867547791667,3
CENPK1137D_812,LpH,TRUE,-1,1.16958862283333,1.196813965625,1
CENPK1137D_2083,LpH,TRUE,-1,1.04742915575,0.811692707583333,1
CENPK1137D_230,LpH,TRUE,-1,0.995918123833333,0.751590997541667,1
CENPK1137D_3051,LpH,TRUE,-1,0.773013502541667,0.54263593125,1
CENPK1137D_4926,LpH,TRUE,-1,NaN,NaN,2
CENPK1137D_5109,LpH,TRUE,-1,NaN,NaN,1
CENPK1137D_4947,LpH,TRUE,1,NaN,NaN,1
CENPK1137D_90,LpH,TRUE,1,NaN,NaN,3
CENPK1137D_4331,LpH,TRUE,-1,0.910227115,0.819131396458333,2
CENPK1137D_5007,LpH,TRUE,-1,NaN,NaN,1
CENPK1137D_3899,LpH,TRUE,-1,NaN,NaN,3
CENPK1137D_2840,LpH,TRUE,-1,0.535220262,0.416072401625,1
CENPK1137D_2648,LpH,TRUE,-1,1.28933090858333,1.19003219141667,1
CENPK1137D_1620,LpH,TRUE,-1,0.75184750275,0.594545043541667,1
CENPK1137D_3865,LpH,TRUE,-1,NaN,NaN,1
CENPK1137D_953,LpH,TRUE,-1,NaN,NaN,1
CENPK1137D_3898,LpH,TRUE,1,NaN,NaN,2
CENPK1137D_384,LpH,TRUE,-1,0.291648368125,0.256342895916667,1
CENPK1137D_2755,LpH,TRUE,1,NaN,NaN,1
CENPK1137D_5131,LpH,TRUE,1,NaN,NaN,3
CENPK1137D_2670,LpH,TRUE,1,NaN,NaN,3
CENPK1137D_3851,LpH,TRUE,-1,NaN,NaN,1
CENPK1137D_3479,LpH,TRUE,-1,NaN,NaN,2
CENPK1137D_2232,LpH,TRUE,1,0.209769957916667,0.214955443916667,3
CENPK1137D_935,LpH,TRUE,-1,NaN,NaN,3
CENPK1137D_547,LpH,TRUE,-1,1.20829738066667,1.20956005133333,1
CENPK1137D_3694,LpH,TRUE,-1,0.229748844958333,0.114002252383333,2
CENPK1137D_3157,LpH,TRUE,-1,4.052197755,4.23470629583333,1
CENPK1137D_4509,LpH,TRUE,-1,2.00854695958333,2.01377467833333,1
CENPK1137D_4403,LpH,TRUE,1,NaN,NaN,1
CENPK1137D_728,LpH,TRUE,-1,0.433525747708333,0.406231039333333,1
CENPK1137D_4048,LpH,TRUE,-1,0.670049374541667,0.61540605825,1
CENPK1137D_2852,LpH,TRUE,-1,0.665976070041667,0.579991150458333,1
CENPK1137D_1156,LpH,TRUE,1,0.0544705783166667,0.1009042095375,1
CENPK1137D_2502,LpH,TRUE,1,0.0618364189166667,0.0717179703541667,3
CENPK1137D_5269,LpH,TRUE,-1,NaN,NaN,1
CENPK1137D_5389,LpH,TRUE,-1,NaN,NaN,1
CENPK1137D_399,LpH,TRUE,-1,0.1381862714125,0.131317335783333,1
CENPK1137D_169,LpH,TRUE,1,NaN,NaN,3
CENPK1137D_3618,LpH,TRUE,-1,NaN,NaN,1
CENPK1137D_3221,LpH,TRUE,-1,1.93967042041667,1.63510680375,1
CENPK1137D_1395,LpH,TRUE,-1,1.11214873266667,1.14424600329167,1
CENPK1137D_4208,LpH,TRUE,-1,0.495872425875,0.438105427541667,2
CENPK1137D_1524,LpH,TRUE,-1,NaN,NaN,3
CENPK1137D_3732,LpH,TRUE,-1,NaN,NaN,3
CENPK1137D_2964,LpH,TRUE,-1,0.319558710625,0.333226331583333,2
CENPK1137D_4699,LpH,TRUE,1,NaN,NaN,3
CENPK1137D_3383,LpH,TRUE,-1,NaN,NaN,5
CENPK1137D_5073,LpH,TRUE,1,NaN,NaN,1
CENPK1137D_44,LpH,TRUE,-1,0.0353786336291667,0.0633835855916667,1
CENPK1137D_1370,LpH,TRUE,-1,0.409595173791667,0.394163783625,3
CENPK1137D_939,LpH,TRUE,-1,NaN,NaN,4
CENPK1137D_2322,LpH,TRUE,-1,NaN,NaN,3
CENPK1137D_207,LpH,TRUE,1,0.5011055235,0.633425509166667,4
CENPK1137D_1894,LpH,TRUE,1,NaN,NaN,2
CENPK1137D_5159,LpH,TRUE,1,NaN,NaN,2
CENPK1137D_148,LpH,TRUE,-1,0.941359587916667,0.85515868,1
CENPK1137D_1860,LpH,TRUE,-1,NaN,NaN,1
CENPK1137D_5134,LpH,TRUE,-1,0.194298418958333,0.232031425583333,3
CENPK1137D_4565,LpH,TRUE,-1,NaN,NaN,2
CENPK1137D_1957,LpH,TRUE,-1,NaN,NaN,5
CENPK1137D_3941,LpH,TRUE,-1,0.272556798666667,0.297370555791667,3
CENPK1137D_1764,LpH,TRUE,1,NaN,NaN,1
CENPK1137D_5107,LpH,TRUE,-1,NaN,NaN,4
CENPK1137D_2760,LpH,TRUE,-1,NaN,NaN,1
CENPK1137D_624,LpH,TRUE,-1,0.536566914666667,0.511597545583333,2
CENPK1137D_3835,LpH,TRUE,-1,NaN,NaN,1
CENPK1137D_66,LpH,TRUE,-1,NaN,NaN,1
CENPK1137D_963,LpH,TRUE,1,NaN,NaN,2
CENPK1137D_3792,LpH,TRUE,1,NaN,NaN,5
CENPK1137D_5241,LpH,TRUE,1,NaN,NaN,2
CENPK1137D_3947,LpH,TRUE,1,NaN,NaN,2
CENPK1137D_5031,LpH,TRUE,-1,NaN,NaN,4
CENPK1137D_4049,LpH,TRUE,-1,0.989157467375,0.827755317916667,1
CENPK1137D_3250,LpH,TRUE,-1,NaN,NaN,4
CENPK1137D_1088,LpH,TRUE,1,NaN,NaN,4
CENPK1137D_1224,LpH,TRUE,1,NaN,NaN,2
CENPK1137D_4073,LpH,TRUE,-1,NaN,NaN,3
CENPK1137D_4008,LpH,TRUE,1,0.083734754725,0.196399352458333,1
CENPK1137D_2567,LpH,TRUE,-1,0.112688707704167,0.11880917435,1
CENPK1137D_462,LpH,TRUE,-1,NaN,NaN,4
CENPK1137D_5327,LpH,TRUE,1,NaN,NaN,2
CENPK1137D_4990,LpH,TRUE,-1,NaN,NaN,5
CENPK1137D_3597,LpH,TRUE,-1,NaN,NaN,2
CENPK1137D_3564,LpH,TRUE,1,NaN,NaN,2
CENPK1137D_2636,LpH,TRUE,1,NaN,NaN,2
CENPK1137D_111,LpH,TRUE,1,NaN,NaN,4
CENPK1137D_438,LpH,TRUE,1,NaN,NaN,5
CENPK1137D_2938,LpH,TRUE,-1,NaN,NaN,3
CENPK1137D_3340,LpH,TRUE,-1,NaN,NaN,5
CENPK1137D_786,LpH,TRUE,1,NaN,NaN,5
CENPK1137D_5307,LpH,TRUE,1,NaN,NaN,5
CENPK1137D_5272,LpH,TRUE,-1,NaN,NaN,4
CENPK1137D_3496,LpH,TRUE,1,NaN,NaN,5
CENPK1137D_2050,LpH,TRUE,1,NaN,NaN,3
CENPK1137D_2519,LpH,TRUE,-1,NaN,NaN,2
CENPK1137D_3216,LpH,TRUE,1,NaN,NaN,3
CENPK1137D_4200,LpH,TRUE,-1,NaN,NaN,1
CENPK1137D_888,LpH,TRUE,1,NaN,NaN,3
CENPK1137D_4614,LpH,TRUE,-1,NaN,NaN,3
CENPK1137D_2231,LpH,TRUE,1,NaN,NaN,5
CENPK1137D_40,LpH,TRUE,-1,0.0973437596958333,0.0547962643833333,2
CENPK1137D_5283,LpH,TRUE,-1,NaN,NaN,3
CENPK1137D_3942,LpH,TRUE,-1,NaN,NaN,1
CENPK1137D_3046,LpH,TRUE,-1,NaN,NaN,5
CENPK1137D_126,LpH,TRUE,-1,NaN,NaN,2
CENPK1137D_4733,LpH,TRUE,-1,NaN,NaN,3
CENPK1137D_4460,LpH,TRUE,1,0.1223485191125,0.162202800791667,1
CENPK1137D_1521,Osm,TRUE,1,NaN,NaN,2
CENPK1137D_1885,Osm,TRUE,-1,NaN,NaN,1
CENPK1137D_3853,Osm,TRUE,-1,NaN,NaN,4
CENPK1137D_3804,Osm,TRUE,1,0.164480951816667,0.873259040583333,1
CENPK1137D_4754,Osm,TRUE,-1,0.722172920833333,0.542706974291667,1
CENPK1137D_3311,Osm,TRUE,1,NaN,NaN,1
CENPK1137D_150,Osm,TRUE,-1,NaN,NaN,1
CENPK1137D_1257,Osm,TRUE,-1,0.0408145214958333,0.04575442415,2
CENPK1137D_2639,Osm,TRUE,-1,NaN,NaN,1
CENPK1137D_1123,Osm,TRUE,-1,NaN,NaN,3
CENPK1137D_1146,Osm,TRUE,-1,NaN,NaN,2
CENPK1137D_905,Osm,TRUE,-1,NaN,NaN,4
CENPK1137D_3469,Osm,TRUE,1,0.189035655666667,0.400932343291667,3
CENPK1137D_4336,Osm,TRUE,1,NaN,NaN,3
CENPK1137D_3790,Osm,TRUE,1,NaN,NaN,3
CENPK1137D_5104,Osm,TRUE,-1,0.303994257,0.119391861270833,3
CENPK1137D_1941,Osm,TRUE,-1,NaN,NaN,3
CENPK1137D_889,Osm,TRUE,1,NaN,NaN,5
CENPK1137D_5081,Osm,TRUE,-1,NaN,NaN,5
CENPK1137D_5006,Osm,TRUE,1,0.321551063,0.651180631625,3
CENPK1137D_2545,Osm,TRUE,-1,NaN,NaN,1
CENPK1137D_1851,Osm,TRUE,-1,0.1640560125,0.0440796545791667,1
CENPK1137D_86,Osm,TRUE,1,NaN,NaN,2
CENPK1137D_169,Osm,TRUE,-1,NaN,NaN,3
CENPK1137D_4516,Osm,TRUE,-1,NaN,NaN,4
CENPK1137D_2746,Osm,TRUE,-1,NaN,NaN,3
CENPK1137D_5141,Osm,TRUE,1,0.109654651891667,0.454175305833333,3
CENPK1137D_4853,Osm,TRUE,-1,NaN,NaN,5
CENPK1137D_4571,Osm,TRUE,-1,0.435787218833333,0.185541454041667,1
CENPK1137D_784,Osm,TRUE,1,NaN,NaN,3
CENPK1137D_3209,Osm,TRUE,1,NaN,NaN,1
CENPK1137D_382,Osm,TRUE,1,0.207114332458333,0.463239865875,2
CENPK1137D_5134,Osm,TRUE,-1,0.194298418958333,0.0922579399791667,3
CENPK1137D_521,Osm,TRUE,1,NaN,NaN,1
CENPK1137D_3053,Osm,TRUE,-1,0.312201154166667,0.315503336458333,2
CENPK1137D_1665,Osm,TRUE,-1,0.267952007916667,0.352519046541667,2
CENPK1137D_2760,Osm,TRUE,-1,NaN,NaN,1
CENPK1137D_3027,Osm,TRUE,-1,NaN,NaN,1
CENPK1137D_1697,Osm,TRUE,-1,0.574605260208333,0.418347755,3
CENPK1137D_2712,Osm,TRUE,1,NaN,NaN,2
CENPK1137D_3428,Osm,TRUE,1,NaN,NaN,3
CENPK1137D_1993,Osm,TRUE,1,0.124941201958333,0.354410205,2
CENPK1137D_36,Osm,TRUE,-1,NaN,NaN,1
CENPK1137D_5429,Osm,TRUE,1,NaN,NaN,2
CENPK1137D_1304,Osm,TRUE,1,2.77515481,4.13239182666667,2
CENPK1137D_3094,Osm,TRUE,-1,NaN,NaN,1
CENPK1137D_4617,Osm,TRUE,-1,1.79319628416667,1.05634941345833,2
CENPK1137D_3789,Osm,TRUE,1,NaN,NaN,5
CENPK1137D_5399,Osm,TRUE,-1,0.157822975,0.0893214203041667,1
CENPK1137D_4929,Osm,TRUE,-1,NaN,NaN,1
CENPK1137D_1706,Osm,TRUE,1,NaN,NaN,4
CENPK1137D_2071,Osm,TRUE,1,0.239490852583333,0.50442301275,2
CENPK1137D_4938,Osm,TRUE,-1,NaN,NaN,3
CENPK1137D_4558,Osm,TRUE,1,NaN,NaN,1
CENPK1137D_894,Osm,TRUE,-1,NaN,NaN,2
CENPK1137D_2835,Osm,TRUE,-1,NaN,NaN,1
CENPK1137D_1111,Osm,TRUE,1,NaN,NaN,2
CENPK1137D_3646,Osm,TRUE,-1,NaN,NaN,1
CENPK1137D_2246,Osm,TRUE,-1,0.409719445625,0.278610000583333,3
CENPK1137D_203,Osm,TRUE,1,NaN,NaN,5
CENPK1137D_5015,Osm,TRUE,-1,NaN,NaN,1
CENPK1137D_2878,Osm,TRUE,-1,NaN,NaN,1
CENPK1137D_5249,Osm,TRUE,1,0.229875309083333,0.460237609958333,2
CENPK1137D_5239,Osm,TRUE,1,NaN,NaN,2
CENPK1137D_2643,Osm,TRUE,-1,NaN,NaN,2
CENPK1137D_292,Osm,TRUE,-1,NaN,NaN,4
CENPK1137D_2178,Osm,TRUE,1,NaN,NaN,1
CENPK1137D_20,Osm,TRUE,-1,0.739616288666667,0.475785689583333,2
CENPK1137D_1524,Osm,TRUE,-1,NaN,NaN,3
CENPK1137D_5441,Osm,TRUE,1,NaN,NaN,3
CENPK1137D_3315,Osm,TRUE,-1,NaN,NaN,5
CENPK1137D_5411,Osm,TRUE,-1,0.361869091208333,0.0610090655291667,1
CENPK1137D_2934,Osm,TRUE,1,NaN,NaN,5
CENPK1137D_44,Osm,TRUE,-1,0.0353786336291667,0.043892811925,1
CENPK1137D_5119,Osm,TRUE,-1,NaN,NaN,5
CENPK1137D_239,Osm,TRUE,-1,0.107640381695833,0.0688745375791667,1
CENPK1137D_4769,Osm,TRUE,-1,0.1325263221125,0.0447332318166667,2
CENPK1137D_3741,Osm,TRUE,-1,NaN,NaN,2
CENPK1137D_4353,Osm,TRUE,1,0.0538561573291667,0.142208099291667,1
CENPK1137D_4351,Osm,TRUE,-1,NaN,NaN,5
CENPK1137D_1389,Osm,TRUE,-1,0.210106352625,0.104483346295833,2
CENPK1137D_1962,Osm,TRUE,-1,0.627263043083333,0.301507429333333,1
CENPK1137D_4572,Osm,TRUE,-1,0.374463064041667,0.353186595375,1
CENPK1137D_2400,Osm,TRUE,-1,NaN,NaN,1
CENPK1137D_2740,Osm,TRUE,1,NaN,NaN,3
CENPK1137D_4193,Osm,TRUE,1,0.233485776583333,0.339513581958333,1
CENPK1137D_557,Osm,TRUE,-1,0.579938787833333,0.334176195458333,1
CENPK1137D_3458,Osm,TRUE,-1,NaN,NaN,1
CENPK1137D_1280,Osm,TRUE,-1,NaN,NaN,3
CENPK1137D_138,Osm,TRUE,-1,NaN,NaN,3
CENPK1137D_630,Osm,TRUE,-1,NaN,NaN,2
CENPK1137D_3279,Osm,TRUE,-1,0.0589815892583333,0.0237295501083333,2
CENPK1137D_956,Osm,TRUE,-1,NaN,NaN,2
CENPK1137D_2190,Osm,TRUE,-1,0.208090080333333,0.117323093633333,1
CENPK1137D_3798,Osm,TRUE,1,NaN,NaN,2
CENPK1137D_5384,Osm,TRUE,1,NaN,NaN,3
CENPK1137D_3477,Osm,TRUE,-1,0.379867271,0.191310915083333,1
CENPK1137D_673,Osm,TRUE,-1,0.747625167708333,0.470468474125,1
CENPK1137D_2482,Osm,TRUE,-1,0.07241722475,0.0526771361916667,1
CENPK1137D_955,Osm,TRUE,-1,NaN,NaN,2
CENPK1137D_4453,Osm,TRUE,1,NaN,NaN,2
CENPK1137D_1163,Osm,TRUE,-1,0.159991522875,0.111233129458333,1
CENPK1137D_4170,Osm,TRUE,-1,NaN,NaN,2
CENPK1137D_1528,Osm,TRUE,-1,0.11386888155,0.0673247885708333,1
CENPK1137D_1968,Osm,TRUE,-1,NaN,NaN,4
CENPK1137D_5171,Osm,TRUE,-1,NaN,NaN,4
CENPK1137D_1249,Osm,TRUE,-1,1.44355038291667,1.73783705958333,2
CENPK1137D_1087,Osm,TRUE,-1,0.1459564718375,0.0944058060875,2
CENPK1137D_4345,Osm,TRUE,-1,NaN,NaN,1
CENPK1137D_3109,Osm,TRUE,1,NaN,NaN,2
CENPK1137D_5428,Osm,TRUE,1,NaN,NaN,2
CENPK1137D_5102,Osm,TRUE,-1,0.166596343958333,0.0765247736291667,1
CENPK1137D_4500,Osm,TRUE,1,0.176121330166667,0.383610096666667,2
CENPK1137D_1444,Osm,TRUE,-1,0.226940865916667,0.1202092961375,1
CENPK1137D_5103,Osm,TRUE,-1,0.41314683525,0.286511152666667,1
CENPK1137D_232,Osm,TRUE,-1,0.0703236294,0.023226637125,2
CENPK1137D_278,Osm,TRUE,-1,NaN,NaN,2
CENPK1137D_1608,Osm,TRUE,-1,NaN,NaN,2
CENPK1137D_4601,Osm,TRUE,-1,0.1244115469,0.1028710341875,2
CENPK1137D_715,Osm,TRUE,-1,NaN,NaN,4
CENPK1137D_425,Osm,TRUE,1,NaN,NaN,1
CENPK1137D_5272,Osm,TRUE,-1,NaN,NaN,4
CENPK1137D_4472,Osm,TRUE,-1,NaN,NaN,2
CENPK1137D_5285,Osm,TRUE,-1,0.0709686743083333,0.0124867418095833,2
CENPK1137D_939,Osm,TRUE,-1,NaN,NaN,4
CENPK1137D_2696,Osm,TRUE,-1,NaN,NaN,1
CENPK1137D_3404,Osm,TRUE,1,NaN,NaN,2
CENPK1137D_3873,Osm,TRUE,-1,0.0663702943958333,0.0364488134375,2
CENPK1137D_5159,Osm,TRUE,-1,NaN,NaN,2
CENPK1137D_442,Osm,TRUE,-1,0.0795536570916667,0.0691604924083333,1
CENPK1137D_808,Osm,TRUE,-1,0.337029849375,0.161969014208333,1
CENPK1137D_2565,Osm,TRUE,-1,NaN,NaN,2
CENPK1137D_4450,Osm,TRUE,-1,NaN,NaN,4
CENPK1137D_2568,Osm,TRUE,-1,0.172950942875,0.0822964494,1
CENPK1137D_1274,Osm,TRUE,-1,0.624038922958333,0.406606340333333,1
CENPK1137D_3141,Osm,TRUE,-1,0.37610615725,0.0614920716458333,1
CENPK1137D_574,Osm,TRUE,-1,NaN,NaN,3
CENPK1137D_3016,Osm,TRUE,-1,NaN,NaN,2
CENPK1137D_1957,Osm,TRUE,-1,NaN,NaN,5
CENPK1137D_127,Osm,TRUE,-1,0.116330497254167,0.0443100330458333,2
CENPK1137D_4609,Osm,TRUE,-1,NaN,NaN,2
CENPK1137D_2666,Osm,TRUE,-1,0.218645499541667,0.1261934060125,3
CENPK1137D_2980,Osm,TRUE,-1,0.53615375825,0.0889587710333333,2
CENPK1137D_1894,Osm,TRUE,-1,NaN,NaN,2
CENPK1137D_3254,Osm,TRUE,1,NaN,NaN,3
CENPK1137D_2434,Osm,TRUE,-1,NaN,NaN,3
CENPK1137D_978,Osm,TRUE,-1,NaN,NaN,4
CENPK1137D_3483,Osm,TRUE,-1,0.206520589875,0.167223274125,1
CENPK1137D_5186,Osm,TRUE,-1,NaN,NaN,1
CENPK1137D_4048,Osm,TRUE,-1,0.670049374541667,0.470116661041667,1
CENPK1137D_2263,Osm,TRUE,1,NaN,NaN,4
CENPK1137D_3166,Osm,TRUE,-1,NaN,NaN,5
CENPK1137D_1710,Osm,TRUE,1,NaN,NaN,3
CENPK1137D_1214,Osm,TRUE,-1,0.304351805083333,0.192312119041667,1
CENPK1137D_3304,Osm,TRUE,1,NaN,NaN,2
CENPK1137D_3299,Osm,TRUE,1,0.436294333125,0.560073937875,1
CENPK1137D_3146,Osm,TRUE,-1,0.696628500041667,0.409265290125,4
CENPK1137D_5048,Osm,TRUE,-1,NaN,NaN,3
CENPK1137D_4362,Osm,TRUE,1,NaN,NaN,5
CENPK1137D_3481,Osm,TRUE,-1,0.307989082791667,0.145964009095833,2
CENPK1137D_4858,Osm,TRUE,1,0.0589657297625,0.273349946583333,1
CENPK1137D_2202,Osm,TRUE,-1,NaN,NaN,4
CENPK1137D_4380,Osm,TRUE,-1,NaN,NaN,1
CENPK1137D_1744,Osm,TRUE,-1,NaN,NaN,4
CENPK1137D_5108,Osm,TRUE,1,NaN,NaN,2
CENPK1137D_3368,Osm,TRUE,-1,2.89332473875,1.41442116358333,2
CENPK1137D_4695,Osm,TRUE,-1,NaN,NaN,1
CENPK1137D_5364,Osm,TRUE,-1,NaN,NaN,1
CENPK1137D_4354,Osm,TRUE,-1,NaN,NaN,2
CENPK1137D_2642,Osm,TRUE,1,0.411226157291667,0.67479554375,1
CENPK1137D_126,Osm,TRUE,-1,NaN,NaN,2
CENPK1137D_2406,Osm,TRUE,1,NaN,NaN,2
CENPK1137D_963,Osm,TRUE,-1,NaN,NaN,2
CENPK1137D_5130,Osm,TRUE,-1,NaN,NaN,4
CENPK1137D_364,Osm,TRUE,-1,NaN,NaN,3
CENPK1137D_1386,Osm,TRUE,-1,NaN,NaN,3
CENPK1137D_4473,Osm,TRUE,1,0.152082657416667,0.629572128375,3
CENPK1137D_4713,Osm,TRUE,1,NaN,NaN,1
CENPK1137D_3485,Osm,TRUE,1,NaN,NaN,3
CENPK1137D_3941,Osm,TRUE,-1,0.272556798666667,0.209759424875,3
CENPK1137D_3215,Osm,TRUE,-1,NaN,NaN,1
CENPK1137D_2662,Osm,TRUE,-1,0.194844054875,0.142624191925,2
CENPK1137D_1024,Osm,TRUE,1,NaN,NaN,4
CENPK1137D_4413,Osm,TRUE,-1,NaN,NaN,2
CENPK1137D_1104,Osm,TRUE,-1,NaN,NaN,3
CENPK1137D_4182,Osm,TRUE,-1,NaN,NaN,2
CENPK1137D_4209,Osm,TRUE,-1,NaN,NaN,3
CENPK1137D_2409,Osm,TRUE,-1,1.291559040125,0.992469653666667,4
CENPK1137D_3445,Osm,TRUE,-1,NaN,NaN,1
CENPK1137D_208,Osm,TRUE,-1,NaN,NaN,4
CENPK1137D_3119,Osm,TRUE,-1,NaN,NaN,2
CENPK1137D_4363,Osm,TRUE,1,NaN,NaN,2
CENPK1137D_3224,Osm,TRUE,-1,0.298204612416667,0.27728357875,1
CENPK1137D_1303,Osm,TRUE,-1,0.125461191266667,0.039552884375,1
CENPK1137D_5424,Osm,TRUE,-1,0.0971084585375,0.0446410154375,1
CENPK1137D_3564,Osm,TRUE,1,NaN,NaN,2
CENPK1137D_3617,Osm,TRUE,-1,0.248816738125,0.1481590495625,4
CENPK1137D_1254,Osm,TRUE,-1,NaN,NaN,1
CENPK1137D_2396,Osm,TRUE,1,NaN,NaN,4
CENPK1137D_2054,Osm,TRUE,-1,NaN,NaN,1
CENPK1137D_5286,Osm,TRUE,-1,0.247677668583333,0.220979908666667,2
CENPK1137D_1527,Osm,TRUE,-1,NaN,NaN,2
CENPK1137D_3958,Osm,TRUE,-1,NaN,NaN,3
CENPK1137D_2735,Osm,TRUE,-1,NaN,NaN,3
CENPK1137D_2000,Osm,TRUE,1,NaN,NaN,3
CENPK1137D_2521,Osm,TRUE,-1,0.0810325856083333,0.0376429754541667,4
CENPK1137D_3534,Osm,TRUE,-1,NaN,NaN,5
CENPK1137D_899,Osm,TRUE,-1,0.177596219958333,0.1044294018125,2
CENPK1137D_2397,Osm,TRUE,-1,NaN,NaN,4
CENPK1137D_544,Osm,TRUE,-1,NaN,NaN,2
CENPK1137D_3437,Osm,TRUE,-1,NaN,NaN,4
CENPK1137D_3890,Osm,TRUE,-1,NaN,NaN,3
CENPK1137D_4844,Osm,TRUE,-1,NaN,NaN,5
CENPK1137D_3854,Osm,TRUE,1,0.0702815804,0.229228666333333,4
CENPK1137D_906,Osm,TRUE,1,NaN,NaN,2
CENPK1137D_377,Osm,TRUE,-1,0.082067361325,0.0542215988083333,1
CENPK1137D_2570,Osm,TRUE,1,NaN,NaN,2
CENPK1137D_3859,Osm,TRUE,1,NaN,NaN,2
CENPK1137D_5307,Osm,TRUE,1,NaN,NaN,5
CENPK1137D_5024,Osm,TRUE,-1,NaN,NaN,3
CENPK1137D_5287,Osm,TRUE,-1,NaN,NaN,4
CENPK1137D_3330,Osm,TRUE,1,NaN,NaN,4
CENPK1137D_2925,Osm,TRUE,-1,NaN,NaN,1
CENPK1137D_1471,Osm,TRUE,-1,NaN,NaN,2
CENPK1137D_40,Osm,TRUE,1,0.0973437596958333,0.169538804625,2
CENPK1137D_5242,Osm,TRUE,-1,0.0960283348,0.0568953864958333,2
CENPK1137D_1403,Osm,TRUE,-1,0.343555494875,0.202261245875,2
CENPK1137D_2104,Osm,TRUE,-1,0.38925116225,0.215832185416667,2
CENPK1137D_3371,Osm,TRUE,-1,NaN,NaN,2
CENPK1137D_1086,Osm,TRUE,-1,0.288913703541667,0.136782261679167,5
CENPK1137D_2253,Osm,TRUE,-1,NaN,NaN,2
CENPK1137D_4693,Osm,TRUE,-1,0.209923853,0.179506914958333,2
CENPK1137D_428,Osm,TRUE,1,NaN,NaN,2
CENPK1137D_1959,Osm,TRUE,1,NaN,NaN,5
CENPK1137D_4485,Osm,TRUE,-1,NaN,NaN,2
CENPK1137D_1842,Osm,TRUE,-1,NaN,NaN,3
CENPK1137D_3840,Osm,TRUE,-1,NaN,NaN,1
CENPK1137D_4098,Osm,TRUE,-1,NaN,NaN,4
CENPK1137D_1956,Osm,TRUE,-1,NaN,NaN,4
CENPK1137D_1841,Osm,TRUE,-1,0.111666155233333,0.0865954579083333,2
CENPK1137D_3605,Osm,TRUE,-1,NaN,NaN,5
CENPK1137D_289,Osm,TRUE,-1,NaN,NaN,2
CENPK1137D_334,Osm,TRUE,-1,0.392309875916667,0.317481168583333,2
CENPK1137D_4488,Osm,TRUE,-1,0.416849696958333,0.414103906541667,2
CENPK1137D_651,Osm,TRUE,-1,NaN,NaN,2
CENPK1137D_3701,Osm,TRUE,-1,0.547651715666667,0.455386252583333,2
CENPK1137D_5446,Osm,TRUE,1,NaN,NaN,3
CENPK1137D_4549,Osm,TRUE,-1,NaN,NaN,2
CENPK1137D_3192,Osm,TRUE,-1,NaN,NaN,2
CENPK1137D_1876,Osm,TRUE,-1,0.0372241071541667,0.0151803810408333,1
CENPK1137D_4565,Osm,TRUE,1,NaN,NaN,2
CENPK1137D_2744,Osm,TRUE,-1,NaN,NaN,1
CENPK1137D_5311,Osm,TRUE,-1,NaN,NaN,4
CENPK1137D_3416,Osm,TRUE,-1,NaN,NaN,1
CENPK1137D_680,Osm,TRUE,-1,NaN,NaN,3
CENPK1137D_3202,Osm,TRUE,-1,NaN,NaN,4
CENPK1137D_1488,Osm,TRUE,-1,NaN,NaN,5
CENPK1137D_387,Osm,TRUE,1,NaN,NaN,3
CENPK1137D_684,Osm,TRUE,-1,NaN,NaN,5
CENPK1137D_1536,Osm,TRUE,-1,NaN,NaN,1
CENPK1137D_4708,Osm,TRUE,-1,NaN,NaN,3
CENPK1137D_612,Osm,TRUE,-1,NaN,NaN,3
CENPK1137D_3316,Osm,TRUE,1,NaN,NaN,2
CENPK1137D_217,Osm,TRUE,1,NaN,NaN,1
CENPK1137D_2677,Osm,TRUE,-1,NaN,NaN,2
CENPK1137D_1639,Osm,TRUE,1,1.112665249875,1.672819525,2
CENPK1137D_3305,Osm,TRUE,-1,0.150092153708333,0.1166503156,1
CENPK1137D_5160,Osm,TRUE,-1,NaN,NaN,2
CENPK1137D_3350,Osm,TRUE,1,NaN,NaN,5
CENPK1137D_2152,Osm,TRUE,-1,NaN,NaN,1
CENPK1137D_3339,Osm,TRUE,1,NaN,NaN,2
CENPK1137D_3379,Osm,TRUE,1,NaN,NaN,1
CENPK1137D_429,Osm,TRUE,-1,NaN,NaN,1
CENPK1137D_1133,Osm,TRUE,-1,NaN,NaN,2
CENPK1137D_2938,Osm,TRUE,1,NaN,NaN,3
CENPK1137D_2148,Osm,TRUE,1,NaN,NaN,3
CENPK1137D_4361,Osm,TRUE,-1,NaN,NaN,2
CENPK1137D_885,Osm,TRUE,-1,NaN,NaN,5
CENPK1137D_3118,Osm,TRUE,-1,NaN,NaN,4
CENPK1137D_1668,Osm,TRUE,-1,NaN,NaN,5
CENPK1137D_2031,Osm,TRUE,-1,NaN,NaN,4
CENPK1137D_670,Osm,TRUE,-1,NaN,NaN,4
CENPK1137D_272,Osm,TRUE,-1,NaN,NaN,2
CENPK1137D_5191,Osm,TRUE,-1,NaN,NaN,1
CENPK1137D_2070,Osm,TRUE,1,NaN,NaN,4
CENPK1137D_4279,Osm,TRUE,-1,0.199531958166667,0.0408648304,4
CENPK1137D_5367,Osm,TRUE,1,NaN,NaN,3
CENPK1137D_1940,Osm,TRUE,-1,NaN,NaN,2
CENPK1137D_1642,Osm,TRUE,-1,NaN,NaN,2
CENPK1137D_2586,Osm,TRUE,-1,NaN,NaN,5
CENPK1137D_2005,Osm,TRUE,-1,NaN,NaN,1
CENPK1137D_3510,Osm,TRUE,-1,NaN,NaN,1
CENPK1137D_1025,Osm,TRUE,1,NaN,NaN,2
CENPK1137D_631,Osm,TRUE,-1,NaN,NaN,5
CENPK1137D_4562,Osm,TRUE,-1,NaN,NaN,1
CENPK1137D_3032,Osm,TRUE,1,NaN,NaN,2
CENPK1137D_932,Osm,TRUE,-1,NaN,NaN,5
CENPK1137D_82,Osm,TRUE,-1,NaN,NaN,2
CENPK1137D_1106,Osm,TRUE,-1,NaN,NaN,1
CENPK1137D_2050,Osm,TRUE,1,NaN,NaN,3
CENPK1137D_3687,Osm,TRUE,1,NaN,NaN,2
CENPK1137D_3695,Osm,TRUE,-1,NaN,NaN,3
CENPK1137D_1523,Osm,TRUE,-1,NaN,NaN,1
CENPK1137D_3054,Osm,TRUE,1,NaN,NaN,2
CENPK1137D_3427,Osm,TRUE,-1,NaN,NaN,4
CENPK1137D_4859,Osm,TRUE,-1,NaN,NaN,5
CENPK1137D_4614,Osm,TRUE,1,NaN,NaN,3
CENPK1137D_5284,Osm,TRUE,-1,0.136088296725,0.0216829992833333,2
CENPK1137D_5092,Osm,TRUE,-1,NaN,NaN,2
CENPK1137D_1049,Osm,TRUE,-1,NaN,NaN,2
CENPK1137D_3076,Osm,TRUE,1,NaN,NaN,3
CENPK1137D_2690,Osm,TRUE,-1,NaN,NaN,3
CENPK1137D_1830,Osm,TRUE,-1,NaN,NaN,2
CENPK1137D_3590,Osm,TRUE,-1,NaN,NaN,1
CENPK1137D_888,Osm,TRUE,1,NaN,NaN,3
CENPK1137D_3406,Osm,TRUE,-1,NaN,NaN,3
CENPK1137D_4037,Osm,TRUE,-1,NaN,NaN,2
CENPK1137D_2402,Osm,TRUE,-1,0.511344813166667,0.46298158075,2
CENPK1137D_4620,Osm,TRUE,-1,NaN,NaN,4
CENPK1137D_1300,Osm,TRUE,-1,NaN,NaN,3
CENPK1137D_1,Osm,TRUE,1,0.18680901275,0.383374072291667,1
CENPK1137D_3495,Osm,TRUE,-1,NaN,NaN,4
CENPK1137D_285,Osm,TRUE,-1,NaN,NaN,2
CENPK1137D_2426,Osm,TRUE,-1,NaN,NaN,4
CENPK1137D_5049,Osm,TRUE,-1,NaN,NaN,4
CENPK1137D_1480,Osm,TRUE,1,NaN,NaN,5
CENPK1137D_3282,Osm,TRUE,-1,NaN,NaN,1
CENPK1137D_5335,Osm,TRUE,-1,NaN,NaN,3
CENPK1137D_2858,Osm,TRUE,-1,NaN,NaN,4
CENPK1137D_4855,Osm,TRUE,1,NaN,NaN,1
CENPK1137D_4995,Osm,TRUE,1,NaN,NaN,4
CENPK1137D_4229,Osm,TRUE,1,NaN,NaN,1
CENPK1137D_4474,Osm,TRUE,-1,NaN,NaN,1
CENPK1137D_1113,Osm,TRUE,-1,NaN,NaN,1
CENPK1137D_132,Osm,TRUE,-1,NaN,NaN,3
CENPK1137D_98,Osm,TRUE,1,NaN,NaN,2
CENPK1137D_3292,Osm,TRUE,-1,NaN,NaN,4
CENPK1137D_3908,Osm,TRUE,-1,NaN,NaN,2
CENPK1137D_1893,Osm,TRUE,1,NaN,NaN,2
CENPK1137D_5308,Osm,TRUE,1,NaN,NaN,1
CENPK1137D_4349,Osm,TRUE,-1,NaN,NaN,1
CENPK1137D_526,Osm,TRUE,-1,NaN,NaN,1
CENPK1137D_4463,Osm,TRUE,-1,NaN,NaN,2
CENPK1137D_4507,Osm,TRUE,-1,0.1563543995,0.046231565925,2
CENPK1137D_4451,Osm,TRUE,-1,NaN,NaN,3
CENPK1137D_3046,Osm,TRUE,1,NaN,NaN,5
CENPK1137D_467,Osm,TRUE,-1,NaN,NaN,2
CENPK1137D_2537,Osm,TRUE,-1,NaN,NaN,2
CENPK1137D_1498,Osm,TRUE,1,0.089494064375,0.2179992155,3
CENPK1137D_396,Osm,TRUE,-1,NaN,NaN,4
CENPK1137D_4733,Osm,TRUE,-1,NaN,NaN,3
CENPK1137D_2658,Osm,TRUE,-1,NaN,NaN,4
CENPK1137D_2486,Osm,TRUE,-1,NaN,NaN,4
CENPK1137D_3466,Osm,TRUE,-1,NaN,NaN,2
CENPK1137D_3866,Osm,TRUE,-1,NaN,NaN,3
CENPK1137D_3180,Osm,TRUE,-1,NaN,NaN,3
